id,item_id,response,score,timeTaken,session_id,theta,sem,trait,skipped,createdTime,updateTime,ability
1605,13,,4,3,i964,0,1,narratives,0,"2024-09-28 23:29:59","2024-09-28 23:29:59",
1606,38,,4,3,i964,0,1,audio_aesthetics,0,"2024-09-28 23:29:59","2024-09-28 23:29:59",
1607,32,,4,3,i964,0,1,creative_freedom,0,"2024-09-28 23:29:59","2024-09-28 23:29:59",
1608,25,,4,3,i964,0,1,play_engrossment,0,"2024-09-28 23:29:59","2024-09-28 23:29:59",
1609,39,,4,3,i964,0,1,audio_aesthetics,0,"2024-09-28 23:29:59","2024-09-28 23:29:59",
1610,6,,4,2,i964,0,1,usability,0,"2024-09-28 23:30:02","2024-09-28 23:30:02",
1611,40,,4,2,i964,0,1,audio_aesthetics,0,"2024-09-28 23:30:02","2024-09-28 23:30:02",
1612,48,,4,2,i964,0,1,visual_aesthetics,0,"2024-09-28 23:30:02","2024-09-28 23:30:02",
1613,16,,4,2,i964,0,1,narratives,0,"2024-09-28 23:30:02","2024-09-28 23:30:02",
1614,12,,4,2,i964,0,1,narratives,0,"2024-09-28 23:30:02","2024-09-28 23:30:02",
1615,20,,4,3,i964,0,1,play_engrossment,0,"2024-09-28 23:30:05","2024-09-28 23:30:05",
1616,24,,4,3,i964,0,1,play_engrossment,0,"2024-09-28 23:30:05","2024-09-28 23:30:05",
1617,21,,4,3,i964,0,1,play_engrossment,0,"2024-09-28 23:30:05","2024-09-28 23:30:05",
1618,10,,4,3,i964,0,1,usability,0,"2024-09-28 23:30:05","2024-09-28 23:30:05",
1619,1,,4,3,i964,0,1,usability,0,"2024-09-28 23:30:05","2024-09-28 23:30:05",
1620,26,,4,2,i964,0,1,enjoyment,0,"2024-09-28 23:30:08","2024-09-28 23:30:08",
1621,8,,4,2,i964,0,1,usability,0,"2024-09-28 23:30:08","2024-09-28 23:30:08",
1622,3,,4,2,i964,0,1,usability,0,"2024-09-28 23:30:08","2024-09-28 23:30:08",
1623,29,,4,2,i964,0,1,enjoyment,0,"2024-09-28 23:30:08","2024-09-28 23:30:08",
1624,45,,4,2,i964,0,1,personal_gratification,0,"2024-09-28 23:30:08","2024-09-28 23:30:08",
1625,46,,4,1,i964,0,1,personal_gratification,0,"2024-09-28 23:30:10","2024-09-28 23:30:10",
1626,14,,4,1,i964,0,1,narratives,0,"2024-09-28 23:30:10","2024-09-28 23:30:10",
1627,19,,4,1,i964,0,1,play_engrossment,0,"2024-09-28 23:30:10","2024-09-28 23:30:10",
1628,4,,4,1,i964,0,1,usability,0,"2024-09-28 23:30:10","2024-09-28 23:30:10",
1629,30,,4,1,i964,0,1,enjoyment,0,"2024-09-28 23:30:10","2024-09-28 23:30:10",
1630,43,,4,2,i964,0,1,personal_gratification,0,"2024-09-28 23:30:12","2024-09-28 23:30:12",
1631,44,,4,2,i964,0,1,personal_gratification,0,"2024-09-28 23:30:12","2024-09-28 23:30:12",
1632,28,,4,2,i964,0,1,enjoyment,0,"2024-09-28 23:30:12","2024-09-28 23:30:12",
1633,31,,4,2,i964,0,1,creative_freedom,0,"2024-09-28 23:30:12","2024-09-28 23:30:12",
1634,41,,4,2,i964,0,1,personal_gratification,0,"2024-09-28 23:30:12","2024-09-28 23:30:12",
1635,5,,4,1,i964,0,1,usability,0,"2024-09-28 23:30:14","2024-09-28 23:30:14",
1636,36,,4,1,i964,0,1,creative_freedom,0,"2024-09-28 23:30:14","2024-09-28 23:30:14",
1637,33,,4,1,i964,0,1,creative_freedom,0,"2024-09-28 23:30:14","2024-09-28 23:30:14",
1638,11,,4,1,i964,0,1,usability,0,"2024-09-28 23:30:14","2024-09-28 23:30:14",
1639,27,,4,1,i964,0,1,enjoyment,0,"2024-09-28 23:30:14","2024-09-28 23:30:14",
1640,35,,4,2,i964,0,1,creative_freedom,0,"2024-09-28 23:30:17","2024-09-28 23:30:17",
1641,9,,4,2,i964,0,1,usability,0,"2024-09-28 23:30:17","2024-09-28 23:30:17",
1642,37,,4,2,i964,0,1,audio_aesthetics,0,"2024-09-28 23:30:17","2024-09-28 23:30:17",
1643,34,,4,2,i964,0,1,creative_freedom,0,"2024-09-28 23:30:17","2024-09-28 23:30:17",
1644,17,,4,2,i964,0,1,narratives,0,"2024-09-28 23:30:17","2024-09-28 23:30:17",
1645,15,,4,2,i964,0,1,narratives,0,"2024-09-28 23:30:19","2024-09-28 23:30:19",
1646,42,,4,2,i964,0,1,personal_gratification,0,"2024-09-28 23:30:19","2024-09-28 23:30:19",
1647,23,,4,2,i964,0,1,play_engrossment,0,"2024-09-28 23:30:19","2024-09-28 23:30:19",
1648,18,,4,2,i964,0,1,narratives,0,"2024-09-28 23:30:19","2024-09-28 23:30:19",
1649,22,,4,2,i964,0,1,play_engrossment,0,"2024-09-28 23:30:19","2024-09-28 23:30:19",
1650,49,6,6,23,i965,0,1,visual_aesthetics,0,"2024-09-29 15:57:17","2024-09-29 15:57:17",
1651,38,,4,44,i969,0,1,audio_aesthetics,0,"2024-09-29 16:03:06","2024-09-29 16:03:06",
1652,4,,4,44,i969,0,1,usability,0,"2024-09-29 16:03:06","2024-09-29 16:03:06",
1653,35,,4,44,i969,0,1,creative_freedom,0,"2024-09-29 16:03:06","2024-09-29 16:03:06",
1654,26,,4,44,i969,0,1,enjoyment,0,"2024-09-29 16:03:06","2024-09-29 16:03:06",
1655,43,,4,44,i969,0,1,personal_gratification,0,"2024-09-29 16:03:06","2024-09-29 16:03:06",
1656,46,,4,2,i969,0,1,personal_gratification,0,"2024-09-29 16:03:08","2024-09-29 16:03:08",
1657,28,,4,2,i969,0,1,enjoyment,0,"2024-09-29 16:03:08","2024-09-29 16:03:08",
1658,10,,4,2,i969,0,1,usability,0,"2024-09-29 16:03:08","2024-09-29 16:03:08",
1659,32,,4,2,i969,0,1,creative_freedom,0,"2024-09-29 16:03:08","2024-09-29 16:03:08",
1660,13,,4,2,i969,0,1,narratives,0,"2024-09-29 16:03:08","2024-09-29 16:03:08",
1661,31,,4,1,i969,0,1,creative_freedom,0,"2024-09-29 16:03:09","2024-09-29 16:03:09",
1662,27,,4,1,i969,0,1,enjoyment,0,"2024-09-29 16:03:09","2024-09-29 16:03:09",
1663,1,,4,1,i969,0,1,usability,0,"2024-09-29 16:03:09","2024-09-29 16:03:09",
1664,9,,4,1,i969,0,1,usability,0,"2024-09-29 16:03:09","2024-09-29 16:03:09",
1665,24,,4,1,i969,0,1,play_engrossment,0,"2024-09-29 16:03:09","2024-09-29 16:03:09",
1666,2,,4,1,i969,0,1,usability,0,"2024-09-29 16:03:11","2024-09-29 16:03:11",
1667,21,,4,1,i969,0,1,play_engrossment,0,"2024-09-29 16:03:11","2024-09-29 16:03:11",
1668,19,,4,1,i969,0,1,play_engrossment,0,"2024-09-29 16:03:11","2024-09-29 16:03:11",
1669,11,,4,1,i969,0,1,usability,0,"2024-09-29 16:03:11","2024-09-29 16:03:11",
1670,34,,4,1,i969,0,1,creative_freedom,0,"2024-09-29 16:03:11","2024-09-29 16:03:11",
1671,39,,4,1,i969,0,1,audio_aesthetics,0,"2024-09-29 16:03:12","2024-09-29 16:03:12",
1672,30,,4,1,i969,0,1,enjoyment,0,"2024-09-29 16:03:12","2024-09-29 16:03:12",
1673,25,,4,1,i969,0,1,play_engrossment,0,"2024-09-29 16:03:12","2024-09-29 16:03:12",
1674,22,,4,1,i969,0,1,play_engrossment,0,"2024-09-29 16:03:12","2024-09-29 16:03:12",
1675,48,,4,1,i969,0,1,visual_aesthetics,0,"2024-09-29 16:03:12","2024-09-29 16:03:12",
1676,7,,4,1,i969,0,1,usability,0,"2024-09-29 16:03:14","2024-09-29 16:03:14",
1677,44,,4,1,i969,0,1,personal_gratification,0,"2024-09-29 16:03:14","2024-09-29 16:03:14",
1678,45,,4,1,i969,0,1,personal_gratification,0,"2024-09-29 16:03:14","2024-09-29 16:03:14",
1679,49,,4,1,i969,0,1,visual_aesthetics,0,"2024-09-29 16:03:14","2024-09-29 16:03:14",
1680,5,,4,1,i969,0,1,usability,0,"2024-09-29 16:03:14","2024-09-29 16:03:14",
1681,40,,4,2,i969,0,1,audio_aesthetics,0,"2024-09-29 16:03:16","2024-09-29 16:03:16",
1682,33,,4,2,i969,0,1,creative_freedom,0,"2024-09-29 16:03:16","2024-09-29 16:03:16",
1683,29,,4,2,i969,0,1,enjoyment,0,"2024-09-29 16:03:16","2024-09-29 16:03:16",
1684,20,,4,2,i969,0,1,play_engrossment,0,"2024-09-29 16:03:16","2024-09-29 16:03:16",
1685,47,,4,2,i969,0,1,visual_aesthetics,0,"2024-09-29 16:03:16","2024-09-29 16:03:16",
1686,36,,4,1,i969,0,1,creative_freedom,0,"2024-09-29 16:03:18","2024-09-29 16:03:18",
1687,15,,4,1,i969,0,1,narratives,0,"2024-09-29 16:03:18","2024-09-29 16:03:18",
1688,41,,4,1,i969,0,1,personal_gratification,0,"2024-09-29 16:03:18","2024-09-29 16:03:18",
1689,17,,4,1,i969,0,1,narratives,0,"2024-09-29 16:03:18","2024-09-29 16:03:18",
1690,6,,4,1,i969,0,1,usability,0,"2024-09-29 16:03:18","2024-09-29 16:03:18",
1691,37,,4,1,i969,0,1,audio_aesthetics,0,"2024-09-29 16:03:19","2024-09-29 16:03:19",
1692,3,,4,1,i969,0,1,usability,0,"2024-09-29 16:03:19","2024-09-29 16:03:19",
1693,14,,4,1,i969,0,1,narratives,0,"2024-09-29 16:03:19","2024-09-29 16:03:19",
1694,16,,4,1,i969,0,1,narratives,0,"2024-09-29 16:03:19","2024-09-29 16:03:19",
1695,12,,4,1,i969,0,1,narratives,0,"2024-09-29 16:03:19","2024-09-29 16:03:19",
1696,23,,4,2,i969,0,1,play_engrossment,0,"2024-09-29 16:03:21","2024-09-29 16:03:21",
1697,8,,4,2,i969,0,1,usability,0,"2024-09-29 16:03:21","2024-09-29 16:03:21",
1698,42,,4,2,i969,0,1,personal_gratification,0,"2024-09-29 16:03:21","2024-09-29 16:03:21",
1699,18,,4,2,i969,0,1,narratives,0,"2024-09-29 16:03:21","2024-09-29 16:03:21",
1700,11,,4,4,i1015,0,1,usability,0,"2024-10-06 21:37:04","2024-10-06 21:37:04",
1701,28,,4,4,i1015,0,1,enjoyment,0,"2024-10-06 21:37:04","2024-10-06 21:37:04",
1702,18,,4,4,i1015,0,1,narratives,0,"2024-10-06 21:37:04","2024-10-06 21:37:04",
1703,22,,4,4,i1015,0,1,play_engrossment,0,"2024-10-06 21:37:04","2024-10-06 21:37:04",
1704,10,,4,4,i1015,0,1,usability,0,"2024-10-06 21:37:04","2024-10-06 21:37:04",
1705,1,,4,0,i1015,0,1,usability,0,"2024-10-06 21:37:06","2024-10-06 21:37:06",
1706,14,,4,0,i1015,0,1,narratives,0,"2024-10-06 21:37:06","2024-10-06 21:37:06",
1707,4,,4,0,i1015,0,1,usability,0,"2024-10-06 21:37:06","2024-10-06 21:37:06",
1708,36,,4,0,i1015,0,1,creative_freedom,0,"2024-10-06 21:37:06","2024-10-06 21:37:06",
1709,49,,4,0,i1015,0,1,visual_aesthetics,0,"2024-10-06 21:37:06","2024-10-06 21:37:06",
1710,6,,4,1,i1015,0,1,usability,0,"2024-10-06 21:37:07","2024-10-06 21:37:07",
1711,9,,4,1,i1015,0,1,usability,0,"2024-10-06 21:37:07","2024-10-06 21:37:07",
1712,13,,4,1,i1015,0,1,narratives,0,"2024-10-06 21:37:07","2024-10-06 21:37:07",
1713,17,,4,1,i1015,0,1,narratives,0,"2024-10-06 21:37:07","2024-10-06 21:37:07",
1714,41,,4,1,i1015,0,1,personal_gratification,0,"2024-10-06 21:37:07","2024-10-06 21:37:07",
1715,35,,4,1,i1015,0,1,creative_freedom,0,"2024-10-06 21:37:08","2024-10-06 21:37:08",
1716,48,,4,1,i1015,0,1,visual_aesthetics,0,"2024-10-06 21:37:08","2024-10-06 21:37:08",
1717,19,,4,1,i1015,0,1,play_engrossment,0,"2024-10-06 21:37:08","2024-10-06 21:37:08",
1718,34,,4,1,i1015,0,1,creative_freedom,0,"2024-10-06 21:37:08","2024-10-06 21:37:08",
1719,32,,4,1,i1015,0,1,creative_freedom,0,"2024-10-06 21:37:08","2024-10-06 21:37:08",
1720,8,,4,1,i1015,0,1,usability,0,"2024-10-06 21:37:09","2024-10-06 21:37:09",
1721,33,,4,1,i1015,0,1,creative_freedom,0,"2024-10-06 21:37:09","2024-10-06 21:37:09",
1722,12,,4,1,i1015,0,1,narratives,0,"2024-10-06 21:37:09","2024-10-06 21:37:09",
1723,39,,4,1,i1015,0,1,audio_aesthetics,0,"2024-10-06 21:37:09","2024-10-06 21:37:09",
1724,2,,4,1,i1015,0,1,usability,0,"2024-10-06 21:37:09","2024-10-06 21:37:09",
1725,38,,4,1,i1015,0,1,audio_aesthetics,0,"2024-10-06 21:37:10","2024-10-06 21:37:10",
1726,30,,4,1,i1015,0,1,enjoyment,0,"2024-10-06 21:37:10","2024-10-06 21:37:10",
1727,5,,4,1,i1015,0,1,usability,0,"2024-10-06 21:37:10","2024-10-06 21:37:10",
1728,24,,4,1,i1015,0,1,play_engrossment,0,"2024-10-06 21:37:10","2024-10-06 21:37:10",
1729,21,,4,1,i1015,0,1,play_engrossment,0,"2024-10-06 21:37:10","2024-10-06 21:37:10",
1730,46,,4,1,i1015,0,1,personal_gratification,0,"2024-10-06 21:37:11","2024-10-06 21:37:11",
1731,42,,4,1,i1015,0,1,personal_gratification,0,"2024-10-06 21:37:11","2024-10-06 21:37:11",
1732,23,,4,1,i1015,0,1,play_engrossment,0,"2024-10-06 21:37:11","2024-10-06 21:37:11",
1733,27,,4,1,i1015,0,1,enjoyment,0,"2024-10-06 21:37:11","2024-10-06 21:37:11",
1734,7,,4,1,i1015,0,1,usability,0,"2024-10-06 21:37:11","2024-10-06 21:37:11",
1735,20,,4,1,i1015,0,1,play_engrossment,0,"2024-10-06 21:37:12","2024-10-06 21:37:12",
1736,40,,4,1,i1015,0,1,audio_aesthetics,0,"2024-10-06 21:37:12","2024-10-06 21:37:12",
1737,16,,4,1,i1015,0,1,narratives,0,"2024-10-06 21:37:12","2024-10-06 21:37:12",
1738,31,,4,1,i1015,0,1,creative_freedom,0,"2024-10-06 21:37:12","2024-10-06 21:37:12",
1739,37,,4,1,i1015,0,1,audio_aesthetics,0,"2024-10-06 21:37:12","2024-10-06 21:37:12",
1740,25,,4,1,i1015,0,1,play_engrossment,0,"2024-10-06 21:37:13","2024-10-06 21:37:13",
1741,29,,4,1,i1015,0,1,enjoyment,0,"2024-10-06 21:37:13","2024-10-06 21:37:13",
1742,47,,4,1,i1015,0,1,visual_aesthetics,0,"2024-10-06 21:37:13","2024-10-06 21:37:13",
1743,45,,4,1,i1015,0,1,personal_gratification,0,"2024-10-06 21:37:13","2024-10-06 21:37:13",
1744,43,,4,1,i1015,0,1,personal_gratification,0,"2024-10-06 21:37:13","2024-10-06 21:37:13",
1745,3,,4,1,i1015,0,1,usability,0,"2024-10-06 21:37:15","2024-10-06 21:37:15",
1746,26,,4,1,i1015,0,1,enjoyment,0,"2024-10-06 21:37:15","2024-10-06 21:37:15",
1747,44,,4,1,i1015,0,1,personal_gratification,0,"2024-10-06 21:37:15","2024-10-06 21:37:15",
1748,15,,4,1,i1015,0,1,narratives,0,"2024-10-06 21:37:15","2024-10-06 21:37:15",
1749,18,,4,3,i1024,0,1,narratives,0,"2024-10-11 16:26:51","2024-10-11 16:26:51",
1750,27,,4,3,i1024,0,1,enjoyment,0,"2024-10-11 16:26:51","2024-10-11 16:26:51",
1751,44,,4,3,i1024,0,1,personal_gratification,0,"2024-10-11 16:26:51","2024-10-11 16:26:51",
1752,35,,4,3,i1024,0,1,creative_freedom,0,"2024-10-11 16:26:51","2024-10-11 16:26:51",
1753,37,,4,3,i1024,0,1,audio_aesthetics,0,"2024-10-11 16:26:51","2024-10-11 16:26:51",
1754,46,,4,0,i1024,0,1,personal_gratification,0,"2024-10-11 16:26:52","2024-10-11 16:26:52",
1755,19,,4,0,i1024,0,1,play_engrossment,0,"2024-10-11 16:26:52","2024-10-11 16:26:52",
1756,30,,4,0,i1024,0,1,enjoyment,0,"2024-10-11 16:26:52","2024-10-11 16:26:52",
1757,33,,4,0,i1024,0,1,creative_freedom,0,"2024-10-11 16:26:52","2024-10-11 16:26:52",
1758,10,,4,0,i1024,0,1,usability,0,"2024-10-11 16:26:52","2024-10-11 16:26:52",
1759,24,,4,0,i1024,0,1,play_engrossment,0,"2024-10-11 16:26:53","2024-10-11 16:26:53",
1760,14,,4,0,i1024,0,1,narratives,0,"2024-10-11 16:26:53","2024-10-11 16:26:53",
1761,45,,4,0,i1024,0,1,personal_gratification,0,"2024-10-11 16:26:53","2024-10-11 16:26:53",
1762,2,,4,0,i1024,0,1,usability,0,"2024-10-11 16:26:53","2024-10-11 16:26:53",
1763,16,,4,0,i1024,0,1,narratives,0,"2024-10-11 16:26:53","2024-10-11 16:26:53",
1764,20,,4,0,i1024,0,1,play_engrossment,0,"2024-10-11 16:26:54","2024-10-11 16:26:54",
1765,31,,4,0,i1024,0,1,creative_freedom,0,"2024-10-11 16:26:54","2024-10-11 16:26:54",
1766,8,,4,0,i1024,0,1,usability,0,"2024-10-11 16:26:54","2024-10-11 16:26:54",
1767,13,,4,0,i1024,0,1,narratives,0,"2024-10-11 16:26:54","2024-10-11 16:26:54",
1768,7,,4,0,i1024,0,1,usability,0,"2024-10-11 16:26:54","2024-10-11 16:26:54",
1769,21,,4,1,i1024,0,1,play_engrossment,0,"2024-10-11 16:26:55","2024-10-11 16:26:55",
1770,42,,4,1,i1024,0,1,personal_gratification,0,"2024-10-11 16:26:55","2024-10-11 16:26:55",
1771,4,,4,1,i1024,0,1,usability,0,"2024-10-11 16:26:55","2024-10-11 16:26:55",
1772,17,,4,1,i1024,0,1,narratives,0,"2024-10-11 16:26:55","2024-10-11 16:26:55",
1773,36,,4,1,i1024,0,1,creative_freedom,0,"2024-10-11 16:26:55","2024-10-11 16:26:55",
1774,49,,4,1,i1024,0,1,visual_aesthetics,0,"2024-10-11 16:26:56","2024-10-11 16:26:56",
1775,23,,4,1,i1024,0,1,play_engrossment,0,"2024-10-11 16:26:56","2024-10-11 16:26:56",
1776,6,,4,1,i1024,0,1,usability,0,"2024-10-11 16:26:56","2024-10-11 16:26:56",
1777,1,,4,1,i1024,0,1,usability,0,"2024-10-11 16:26:56","2024-10-11 16:26:56",
1778,41,,4,1,i1024,0,1,personal_gratification,0,"2024-10-11 16:26:56","2024-10-11 16:26:56",
1779,29,,4,1,i1024,0,1,enjoyment,0,"2024-10-11 16:26:57","2024-10-11 16:26:57",
1780,26,,4,1,i1024,0,1,enjoyment,0,"2024-10-11 16:26:57","2024-10-11 16:26:57",
1781,5,,4,1,i1024,0,1,usability,0,"2024-10-11 16:26:57","2024-10-11 16:26:57",
1782,22,,4,1,i1024,0,1,play_engrossment,0,"2024-10-11 16:26:57","2024-10-11 16:26:57",
1783,32,,4,1,i1024,0,1,creative_freedom,0,"2024-10-11 16:26:57","2024-10-11 16:26:57",
1784,34,,4,1,i1024,0,1,creative_freedom,0,"2024-10-11 16:26:58","2024-10-11 16:26:58",
1785,40,,4,1,i1024,0,1,audio_aesthetics,0,"2024-10-11 16:26:58","2024-10-11 16:26:58",
1786,43,,4,1,i1024,0,1,personal_gratification,0,"2024-10-11 16:26:58","2024-10-11 16:26:58",
1787,11,,4,1,i1024,0,1,usability,0,"2024-10-11 16:26:58","2024-10-11 16:26:58",
1788,3,,4,1,i1024,0,1,usability,0,"2024-10-11 16:26:58","2024-10-11 16:26:58",
1789,38,,4,1,i1024,0,1,audio_aesthetics,0,"2024-10-11 16:26:59","2024-10-11 16:26:59",
1790,12,,4,1,i1024,0,1,narratives,0,"2024-10-11 16:26:59","2024-10-11 16:26:59",
1791,48,,4,1,i1024,0,1,visual_aesthetics,0,"2024-10-11 16:26:59","2024-10-11 16:26:59",
1792,47,,4,1,i1024,0,1,visual_aesthetics,0,"2024-10-11 16:26:59","2024-10-11 16:26:59",
1793,15,,4,1,i1024,0,1,narratives,0,"2024-10-11 16:26:59","2024-10-11 16:26:59",
1794,28,,4,2,i1024,0,1,enjoyment,0,"2024-10-11 16:27:01","2024-10-11 16:27:01",
1795,39,,4,2,i1024,0,1,audio_aesthetics,0,"2024-10-11 16:27:01","2024-10-11 16:27:01",
1796,9,,4,2,i1024,0,1,usability,0,"2024-10-11 16:27:01","2024-10-11 16:27:01",
1797,25,,4,2,i1024,0,1,play_engrossment,0,"2024-10-11 16:27:01","2024-10-11 16:27:01",
1798,15,4,4,35,i1027,0,1,narratives,0,"2024-10-11 18:02:58","2024-10-11 18:02:58",
1799,23,2,2,35,i1027,0,1,play_engrossment,0,"2024-10-11 18:02:58","2024-10-11 18:02:58",
1800,6,4,4,35,i1027,0,1,usability,0,"2024-10-11 18:02:58","2024-10-11 18:02:58",
1801,17,5,5,35,i1027,0,1,narratives,0,"2024-10-11 18:02:58","2024-10-11 18:02:58",
1802,2,5,5,35,i1027,0,1,usability,0,"2024-10-11 18:02:58","2024-10-11 18:02:58",
1803,35,4,4,23,i1027,0,1,creative_freedom,0,"2024-10-11 18:03:21","2024-10-11 18:03:21",
1804,46,3,3,23,i1027,0,1,personal_gratification,0,"2024-10-11 18:03:21","2024-10-11 18:03:21",
1805,49,6,6,23,i1027,0,1,visual_aesthetics,0,"2024-10-11 18:03:21","2024-10-11 18:03:21",
1806,18,5,5,23,i1027,0,1,narratives,0,"2024-10-11 18:03:21","2024-10-11 18:03:21",
1807,28,4,4,23,i1027,0,1,enjoyment,0,"2024-10-11 18:03:21","2024-10-11 18:03:21",
1808,27,4,4,43,i1027,0,1,enjoyment,0,"2024-10-11 18:04:05","2024-10-11 18:04:05",
1809,14,5,5,43,i1027,0,1,narratives,0,"2024-10-11 18:04:05","2024-10-11 18:04:05",
1810,7,4,4,43,i1027,0,1,usability,0,"2024-10-11 18:04:05","2024-10-11 18:04:05",
1811,25,1,1,43,i1027,0,1,play_engrossment,0,"2024-10-11 18:04:05","2024-10-11 18:04:05",
1812,40,6,6,43,i1027,0,1,audio_aesthetics,0,"2024-10-11 18:04:05","2024-10-11 18:04:05",
1813,4,6,6,43,i1027,0,1,usability,0,"2024-10-11 18:04:49","2024-10-11 18:04:49",
1814,31,5,5,43,i1027,0,1,creative_freedom,0,"2024-10-11 18:04:49","2024-10-11 18:04:49",
1815,22,6,6,43,i1027,0,1,play_engrossment,0,"2024-10-11 18:04:49","2024-10-11 18:04:49",
1816,9,5,5,43,i1027,0,1,usability,0,"2024-10-11 18:04:49","2024-10-11 18:04:49",
1817,34,4,4,43,i1027,0,1,creative_freedom,0,"2024-10-11 18:04:49","2024-10-11 18:04:49",
1818,47,3,3,19,i1027,0,1,visual_aesthetics,0,"2024-10-11 18:05:08","2024-10-11 18:05:08",
1819,13,3,3,19,i1027,0,1,narratives,0,"2024-10-11 18:05:08","2024-10-11 18:05:08",
1820,8,5,5,19,i1027,0,1,usability,0,"2024-10-11 18:05:08","2024-10-11 18:05:08",
1821,39,5,5,19,i1027,0,1,audio_aesthetics,0,"2024-10-11 18:05:08","2024-10-11 18:05:08",
1822,26,4,4,19,i1027,0,1,enjoyment,0,"2024-10-11 18:05:08","2024-10-11 18:05:08",
1823,36,6,6,32,i1027,0,1,creative_freedom,0,"2024-10-11 18:05:41","2024-10-11 18:05:41",
1824,3,5,5,32,i1027,0,1,usability,0,"2024-10-11 18:05:41","2024-10-11 18:05:41",
1825,1,6,6,32,i1027,0,1,usability,0,"2024-10-11 18:05:41","2024-10-11 18:05:41",
1826,5,5,5,32,i1027,0,1,usability,0,"2024-10-11 18:05:41","2024-10-11 18:05:41",
1827,24,3,3,32,i1027,0,1,play_engrossment,0,"2024-10-11 18:05:41","2024-10-11 18:05:41",
1828,41,6,6,29,i1027,0,1,personal_gratification,0,"2024-10-11 18:06:10","2024-10-11 18:06:10",
1829,12,5,5,29,i1027,0,1,narratives,0,"2024-10-11 18:06:10","2024-10-11 18:06:10",
1830,29,6,6,29,i1027,0,1,enjoyment,0,"2024-10-11 18:06:10","2024-10-11 18:06:10",
1831,32,3,3,29,i1027,0,1,creative_freedom,0,"2024-10-11 18:06:10","2024-10-11 18:06:10",
1832,45,5,5,29,i1027,0,1,personal_gratification,0,"2024-10-11 18:06:10","2024-10-11 18:06:10",
1833,37,4,4,25,i1027,0,1,audio_aesthetics,0,"2024-10-11 18:06:36","2024-10-11 18:06:36",
1834,44,5,5,25,i1027,0,1,personal_gratification,0,"2024-10-11 18:06:36","2024-10-11 18:06:36",
1835,10,5,5,25,i1027,0,1,usability,0,"2024-10-11 18:06:36","2024-10-11 18:06:36",
1836,42,6,6,25,i1027,0,1,personal_gratification,0,"2024-10-11 18:06:36","2024-10-11 18:06:36",
1837,33,4,4,25,i1027,0,1,creative_freedom,0,"2024-10-11 18:06:36","2024-10-11 18:06:36",
1838,11,3,3,28,i1027,0,1,usability,0,"2024-10-11 18:07:04","2024-10-11 18:07:04",
1839,30,4,4,28,i1027,0,1,enjoyment,0,"2024-10-11 18:07:04","2024-10-11 18:07:04",
1840,21,2,2,28,i1027,0,1,play_engrossment,0,"2024-10-11 18:07:04","2024-10-11 18:07:04",
1841,20,2,2,28,i1027,0,1,play_engrossment,0,"2024-10-11 18:07:04","2024-10-11 18:07:04",
1842,16,3,3,28,i1027,0,1,narratives,0,"2024-10-11 18:07:04","2024-10-11 18:07:04",
1843,48,3,3,22,i1027,0,1,visual_aesthetics,0,"2024-10-11 18:07:27","2024-10-11 18:07:27",
1844,19,3,3,22,i1027,0,1,play_engrossment,0,"2024-10-11 18:07:27","2024-10-11 18:07:27",
1845,43,5,5,22,i1027,0,1,personal_gratification,0,"2024-10-11 18:07:27","2024-10-11 18:07:27",
1846,38,4,4,22,i1027,0,1,audio_aesthetics,0,"2024-10-11 18:07:27","2024-10-11 18:07:27",
1847,44,,4,10,i1033,0,1,personal_gratification,0,"2024-10-11 18:16:28","2024-10-11 18:16:28",
1848,5,,4,10,i1033,0,1,usability,0,"2024-10-11 18:16:28","2024-10-11 18:16:28",
1849,4,,4,10,i1033,0,1,usability,0,"2024-10-11 18:16:28","2024-10-11 18:16:28",
1850,46,,4,10,i1033,0,1,personal_gratification,0,"2024-10-11 18:16:28","2024-10-11 18:16:28",
1851,33,,4,10,i1033,0,1,creative_freedom,0,"2024-10-11 18:16:28","2024-10-11 18:16:28",
1852,11,,4,4,i1033,0,1,usability,0,"2024-10-11 18:16:33","2024-10-11 18:16:33",
1853,13,,4,4,i1033,0,1,narratives,0,"2024-10-11 18:16:33","2024-10-11 18:16:33",
1854,36,,4,4,i1033,0,1,creative_freedom,0,"2024-10-11 18:16:33","2024-10-11 18:16:33",
1855,47,,4,4,i1033,0,1,visual_aesthetics,0,"2024-10-11 18:16:33","2024-10-11 18:16:33",
1856,18,,4,4,i1033,0,1,narratives,0,"2024-10-11 18:16:33","2024-10-11 18:16:33",
1857,24,,4,4,i1033,0,1,play_engrossment,0,"2024-10-11 18:16:37","2024-10-11 18:16:37",
1858,31,,4,4,i1033,0,1,creative_freedom,0,"2024-10-11 18:16:37","2024-10-11 18:16:37",
1859,28,,4,4,i1033,0,1,enjoyment,0,"2024-10-11 18:16:37","2024-10-11 18:16:37",
1860,42,,4,4,i1033,0,1,personal_gratification,0,"2024-10-11 18:16:37","2024-10-11 18:16:37",
1861,30,,4,4,i1033,0,1,enjoyment,0,"2024-10-11 18:16:37","2024-10-11 18:16:37",
1862,49,,4,3,i1033,0,1,visual_aesthetics,0,"2024-10-11 18:16:41","2024-10-11 18:16:41",
1863,17,,4,3,i1033,0,1,narratives,0,"2024-10-11 18:16:41","2024-10-11 18:16:41",
1864,21,,4,3,i1033,0,1,play_engrossment,0,"2024-10-11 18:16:41","2024-10-11 18:16:41",
1865,2,,4,3,i1033,0,1,usability,0,"2024-10-11 18:16:41","2024-10-11 18:16:41",
1866,14,,4,3,i1033,0,1,narratives,0,"2024-10-11 18:16:41","2024-10-11 18:16:41",
1867,34,,4,3,i1033,0,1,creative_freedom,0,"2024-10-11 18:16:44","2024-10-11 18:16:44",
1868,37,,4,3,i1033,0,1,audio_aesthetics,0,"2024-10-11 18:16:44","2024-10-11 18:16:44",
1869,8,,4,3,i1033,0,1,usability,0,"2024-10-11 18:16:44","2024-10-11 18:16:44",
1870,26,,4,3,i1033,0,1,enjoyment,0,"2024-10-11 18:16:44","2024-10-11 18:16:44",
1871,6,,4,3,i1033,0,1,usability,0,"2024-10-11 18:16:44","2024-10-11 18:16:44",
1872,27,,4,3,i1033,0,1,enjoyment,0,"2024-10-11 18:16:47","2024-10-11 18:16:47",
1873,40,,4,3,i1033,0,1,audio_aesthetics,0,"2024-10-11 18:16:47","2024-10-11 18:16:47",
1874,16,,4,3,i1033,0,1,narratives,0,"2024-10-11 18:16:47","2024-10-11 18:16:47",
1875,38,,4,3,i1033,0,1,audio_aesthetics,0,"2024-10-11 18:16:47","2024-10-11 18:16:47",
1876,23,,4,3,i1033,0,1,play_engrossment,0,"2024-10-11 18:16:47","2024-10-11 18:16:47",
1877,32,,4,3,i1033,0,1,creative_freedom,0,"2024-10-11 18:16:50","2024-10-11 18:16:50",
1878,19,,4,3,i1033,0,1,play_engrossment,0,"2024-10-11 18:16:50","2024-10-11 18:16:50",
1879,41,,4,3,i1033,0,1,personal_gratification,0,"2024-10-11 18:16:50","2024-10-11 18:16:50",
1880,48,,4,3,i1033,0,1,visual_aesthetics,0,"2024-10-11 18:16:50","2024-10-11 18:16:50",
1881,1,,4,3,i1033,0,1,usability,0,"2024-10-11 18:16:50","2024-10-11 18:16:50",
1882,45,,4,3,i1033,0,1,personal_gratification,0,"2024-10-11 18:16:53","2024-10-11 18:16:53",
1883,35,,4,3,i1033,0,1,creative_freedom,0,"2024-10-11 18:16:53","2024-10-11 18:16:53",
1884,39,,4,3,i1033,0,1,audio_aesthetics,0,"2024-10-11 18:16:53","2024-10-11 18:16:53",
1885,3,,4,3,i1033,0,1,usability,0,"2024-10-11 18:16:53","2024-10-11 18:16:53",
1886,22,,4,3,i1033,0,1,play_engrossment,0,"2024-10-11 18:16:53","2024-10-11 18:16:53",
1887,7,,4,3,i1033,0,1,usability,0,"2024-10-11 18:16:56","2024-10-11 18:16:56",
1888,15,,4,3,i1033,0,1,narratives,0,"2024-10-11 18:16:56","2024-10-11 18:16:56",
1889,10,,4,3,i1033,0,1,usability,0,"2024-10-11 18:16:56","2024-10-11 18:16:56",
1890,9,,4,3,i1033,0,1,usability,0,"2024-10-11 18:16:56","2024-10-11 18:16:56",
1891,43,,4,3,i1033,0,1,personal_gratification,0,"2024-10-11 18:16:56","2024-10-11 18:16:56",
1892,25,,4,3,i1033,0,1,play_engrossment,0,"2024-10-11 18:16:59","2024-10-11 18:16:59",
1893,29,,4,3,i1033,0,1,enjoyment,0,"2024-10-11 18:16:59","2024-10-11 18:16:59",
1894,12,,4,3,i1033,0,1,narratives,0,"2024-10-11 18:16:59","2024-10-11 18:16:59",
1895,20,,4,3,i1033,0,1,play_engrossment,0,"2024-10-11 18:16:59","2024-10-11 18:16:59",
1896,43,,4,15,i1037,0,1,personal_gratification,0,"2024-10-11 19:03:17","2024-10-11 19:03:17",
1897,45,,4,15,i1037,0,1,personal_gratification,0,"2024-10-11 19:03:17","2024-10-11 19:03:17",
1898,24,,4,15,i1037,0,1,play_engrossment,0,"2024-10-11 19:03:17","2024-10-11 19:03:17",
1899,23,,4,15,i1037,0,1,play_engrossment,0,"2024-10-11 19:03:17","2024-10-11 19:03:17",
1900,41,,4,15,i1037,0,1,personal_gratification,0,"2024-10-11 19:03:17","2024-10-11 19:03:17",
1901,17,,4,5,i1037,0,1,narratives,0,"2024-10-11 19:03:23","2024-10-11 19:03:23",
1902,38,,4,5,i1037,0,1,audio_aesthetics,0,"2024-10-11 19:03:23","2024-10-11 19:03:23",
1903,6,,4,5,i1037,0,1,usability,0,"2024-10-11 19:03:23","2024-10-11 19:03:23",
1904,48,,4,5,i1037,0,1,visual_aesthetics,0,"2024-10-11 19:03:23","2024-10-11 19:03:23",
1905,22,,4,5,i1037,0,1,play_engrossment,0,"2024-10-11 19:03:23","2024-10-11 19:03:23",
1906,42,,4,4,i1037,0,1,personal_gratification,0,"2024-10-11 19:03:27","2024-10-11 19:03:27",
1907,26,,4,4,i1037,0,1,enjoyment,0,"2024-10-11 19:03:27","2024-10-11 19:03:27",
1908,31,,4,4,i1037,0,1,creative_freedom,0,"2024-10-11 19:03:27","2024-10-11 19:03:27",
1909,21,,4,4,i1037,0,1,play_engrossment,0,"2024-10-11 19:03:27","2024-10-11 19:03:27",
1910,47,,4,4,i1037,0,1,visual_aesthetics,0,"2024-10-11 19:03:27","2024-10-11 19:03:27",
1911,5,,4,4,i1037,0,1,usability,0,"2024-10-11 19:03:31","2024-10-11 19:03:31",
1912,32,,4,4,i1037,0,1,creative_freedom,0,"2024-10-11 19:03:31","2024-10-11 19:03:31",
1913,35,,4,4,i1037,0,1,creative_freedom,0,"2024-10-11 19:03:31","2024-10-11 19:03:31",
1914,11,,4,4,i1037,0,1,usability,0,"2024-10-11 19:03:31","2024-10-11 19:03:31",
1915,7,,4,4,i1037,0,1,usability,0,"2024-10-11 19:03:31","2024-10-11 19:03:31",
1916,36,,4,2,i1037,0,1,creative_freedom,0,"2024-10-11 19:03:34","2024-10-11 19:03:34",
1917,39,,4,2,i1037,0,1,audio_aesthetics,0,"2024-10-11 19:03:34","2024-10-11 19:03:34",
1918,2,,4,2,i1037,0,1,usability,0,"2024-10-11 19:03:34","2024-10-11 19:03:34",
1919,4,,4,2,i1037,0,1,usability,0,"2024-10-11 19:03:34","2024-10-11 19:03:34",
1920,29,,4,2,i1037,0,1,enjoyment,0,"2024-10-11 19:03:34","2024-10-11 19:03:34",
1921,34,,4,4,i1037,0,1,creative_freedom,0,"2024-10-11 19:03:38","2024-10-11 19:03:38",
1922,44,,4,4,i1037,0,1,personal_gratification,0,"2024-10-11 19:03:38","2024-10-11 19:03:38",
1923,10,,4,4,i1037,0,1,usability,0,"2024-10-11 19:03:38","2024-10-11 19:03:38",
1924,33,,4,4,i1037,0,1,creative_freedom,0,"2024-10-11 19:03:38","2024-10-11 19:03:38",
1925,14,,4,4,i1037,0,1,narratives,0,"2024-10-11 19:03:38","2024-10-11 19:03:38",
1926,27,,4,3,i1037,0,1,enjoyment,0,"2024-10-11 19:03:42","2024-10-11 19:03:42",
1927,9,,4,3,i1037,0,1,usability,0,"2024-10-11 19:03:42","2024-10-11 19:03:42",
1928,16,,4,3,i1037,0,1,narratives,0,"2024-10-11 19:03:42","2024-10-11 19:03:42",
1929,20,,4,3,i1037,0,1,play_engrossment,0,"2024-10-11 19:03:42","2024-10-11 19:03:42",
1930,18,,4,3,i1037,0,1,narratives,0,"2024-10-11 19:03:42","2024-10-11 19:03:42",
1931,46,,4,3,i1037,0,1,personal_gratification,0,"2024-10-11 19:03:45","2024-10-11 19:03:45",
1932,40,,4,3,i1037,0,1,audio_aesthetics,0,"2024-10-11 19:03:45","2024-10-11 19:03:45",
1933,30,,4,3,i1037,0,1,enjoyment,0,"2024-10-11 19:03:45","2024-10-11 19:03:45",
1934,8,,4,3,i1037,0,1,usability,0,"2024-10-11 19:03:45","2024-10-11 19:03:45",
1935,25,,4,3,i1037,0,1,play_engrossment,0,"2024-10-11 19:03:45","2024-10-11 19:03:45",
1936,13,,4,1,i1037,0,1,narratives,0,"2024-10-11 19:03:48","2024-10-11 19:03:48",
1937,3,,4,1,i1037,0,1,usability,0,"2024-10-11 19:03:48","2024-10-11 19:03:48",
1938,49,,4,1,i1037,0,1,visual_aesthetics,0,"2024-10-11 19:03:48","2024-10-11 19:03:48",
1939,19,,4,1,i1037,0,1,play_engrossment,0,"2024-10-11 19:03:48","2024-10-11 19:03:48",
1940,12,,4,1,i1037,0,1,narratives,0,"2024-10-11 19:03:48","2024-10-11 19:03:48",
1941,15,,4,3,i1037,0,1,narratives,0,"2024-10-11 19:03:51","2024-10-11 19:03:51",
1942,28,,4,3,i1037,0,1,enjoyment,0,"2024-10-11 19:03:51","2024-10-11 19:03:51",
1943,1,,4,3,i1037,0,1,usability,0,"2024-10-11 19:03:51","2024-10-11 19:03:51",
1944,37,,4,3,i1037,0,1,audio_aesthetics,0,"2024-10-11 19:03:51","2024-10-11 19:03:51",
1945,43,,4,24,i1039,0,1,personal_gratification,0,"2024-10-12 07:07:49","2024-10-12 07:07:49",
1946,36,,4,24,i1039,0,1,creative_freedom,0,"2024-10-12 07:07:49","2024-10-12 07:07:49",
1947,28,,4,24,i1039,0,1,enjoyment,0,"2024-10-12 07:07:49","2024-10-12 07:07:49",
1948,41,,4,24,i1039,0,1,personal_gratification,0,"2024-10-12 07:07:49","2024-10-12 07:07:49",
1949,12,,4,24,i1039,0,1,narratives,0,"2024-10-12 07:07:49","2024-10-12 07:07:49",
1950,4,,4,3,i1039,0,1,usability,0,"2024-10-12 07:07:52","2024-10-12 07:07:52",
1951,24,,4,3,i1039,0,1,play_engrossment,0,"2024-10-12 07:07:52","2024-10-12 07:07:52",
1952,15,,4,3,i1039,0,1,narratives,0,"2024-10-12 07:07:52","2024-10-12 07:07:52",
1953,33,,4,3,i1039,0,1,creative_freedom,0,"2024-10-12 07:07:52","2024-10-12 07:07:52",
1954,38,,4,3,i1039,0,1,audio_aesthetics,0,"2024-10-12 07:07:52","2024-10-12 07:07:52",
1955,5,,4,2,i1039,0,1,usability,0,"2024-10-12 07:07:55","2024-10-12 07:07:55",
1956,19,,4,2,i1039,0,1,play_engrossment,0,"2024-10-12 07:07:55","2024-10-12 07:07:55",
1957,42,,4,2,i1039,0,1,personal_gratification,0,"2024-10-12 07:07:55","2024-10-12 07:07:55",
1958,17,,4,2,i1039,0,1,narratives,0,"2024-10-12 07:07:55","2024-10-12 07:07:55",
1959,13,,4,2,i1039,0,1,narratives,0,"2024-10-12 07:07:55","2024-10-12 07:07:55",
1960,31,,4,5,i1039,0,1,creative_freedom,0,"2024-10-12 07:08:02","2024-10-12 07:08:02",
1961,20,,4,5,i1039,0,1,play_engrossment,0,"2024-10-12 07:08:02","2024-10-12 07:08:02",
1962,23,,4,5,i1039,0,1,play_engrossment,0,"2024-10-12 07:08:02","2024-10-12 07:08:02",
1963,14,,4,5,i1039,0,1,narratives,0,"2024-10-12 07:08:02","2024-10-12 07:08:02",
1964,1,,4,5,i1039,0,1,usability,0,"2024-10-12 07:08:02","2024-10-12 07:08:02",
1965,3,,4,2,i1039,0,1,usability,0,"2024-10-12 07:08:05","2024-10-12 07:08:05",
1966,6,,4,2,i1039,0,1,usability,0,"2024-10-12 07:08:05","2024-10-12 07:08:05",
1967,8,,4,2,i1039,0,1,usability,0,"2024-10-12 07:08:05","2024-10-12 07:08:05",
1968,34,,4,2,i1039,0,1,creative_freedom,0,"2024-10-12 07:08:05","2024-10-12 07:08:05",
1969,22,,4,2,i1039,0,1,play_engrossment,0,"2024-10-12 07:08:05","2024-10-12 07:08:05",
1970,27,,4,10,i1039,0,1,enjoyment,0,"2024-10-12 07:08:15","2024-10-12 07:08:15",
1971,46,,4,10,i1039,0,1,personal_gratification,0,"2024-10-12 07:08:15","2024-10-12 07:08:15",
1972,44,,4,10,i1039,0,1,personal_gratification,0,"2024-10-12 07:08:15","2024-10-12 07:08:15",
1973,29,,4,10,i1039,0,1,enjoyment,0,"2024-10-12 07:08:15","2024-10-12 07:08:15",
1974,10,,4,10,i1039,0,1,usability,0,"2024-10-12 07:08:15","2024-10-12 07:08:15",
1975,48,,4,4,i1039,0,1,visual_aesthetics,0,"2024-10-12 07:08:19","2024-10-12 07:08:19",
1976,30,,4,4,i1039,0,1,enjoyment,0,"2024-10-12 07:08:19","2024-10-12 07:08:19",
1977,25,,4,4,i1039,0,1,play_engrossment,0,"2024-10-12 07:08:19","2024-10-12 07:08:19",
1978,35,,4,4,i1039,0,1,creative_freedom,0,"2024-10-12 07:08:19","2024-10-12 07:08:19",
1979,21,,4,4,i1039,0,1,play_engrossment,0,"2024-10-12 07:08:19","2024-10-12 07:08:19",
1980,45,,4,4,i1039,0,1,personal_gratification,0,"2024-10-12 07:08:24","2024-10-12 07:08:24",
1981,7,,4,4,i1039,0,1,usability,0,"2024-10-12 07:08:24","2024-10-12 07:08:24",
1982,16,,4,4,i1039,0,1,narratives,0,"2024-10-12 07:08:24","2024-10-12 07:08:24",
1983,47,,4,4,i1039,0,1,visual_aesthetics,0,"2024-10-12 07:08:24","2024-10-12 07:08:24",
1984,11,,4,4,i1039,0,1,usability,0,"2024-10-12 07:08:24","2024-10-12 07:08:24",
1985,9,,4,4,i1039,0,1,usability,0,"2024-10-12 07:08:28","2024-10-12 07:08:28",
1986,49,,4,4,i1039,0,1,visual_aesthetics,0,"2024-10-12 07:08:28","2024-10-12 07:08:28",
1987,32,,4,4,i1039,0,1,creative_freedom,0,"2024-10-12 07:08:28","2024-10-12 07:08:28",
1988,40,,4,4,i1039,0,1,audio_aesthetics,0,"2024-10-12 07:08:28","2024-10-12 07:08:28",
1989,18,,4,4,i1039,0,1,narratives,0,"2024-10-12 07:08:28","2024-10-12 07:08:28",
1990,2,,4,9,i1039,0,1,usability,0,"2024-10-12 07:08:39","2024-10-12 07:08:39",
1991,26,,4,9,i1039,0,1,enjoyment,0,"2024-10-12 07:08:39","2024-10-12 07:08:39",
1992,37,,4,9,i1039,0,1,audio_aesthetics,0,"2024-10-12 07:08:39","2024-10-12 07:08:39",
1993,39,,4,9,i1039,0,1,audio_aesthetics,0,"2024-10-12 07:08:39","2024-10-12 07:08:39",
1994,29,,4,13,i1046,0,1,enjoyment,0,"2024-10-12 07:42:36","2024-10-12 07:42:36",
1995,32,,4,13,i1046,0,1,creative_freedom,0,"2024-10-12 07:42:36","2024-10-12 07:42:36",
1996,46,,4,13,i1046,0,1,personal_gratification,0,"2024-10-12 07:42:36","2024-10-12 07:42:36",
1997,48,,4,13,i1046,0,1,visual_aesthetics,0,"2024-10-12 07:42:36","2024-10-12 07:42:36",
1998,4,,4,13,i1046,0,1,usability,0,"2024-10-12 07:42:36","2024-10-12 07:42:36",
1999,33,4,4,75,i1053,0,1,creative_freedom,0,"2024-10-14 08:48:27","2024-10-14 08:48:27",
2000,21,3,3,75,i1053,0,1,play_engrossment,0,"2024-10-14 08:48:27","2024-10-14 08:48:27",
2001,5,6,6,75,i1053,0,1,usability,0,"2024-10-14 08:48:27","2024-10-14 08:48:27",
2002,27,6,6,75,i1053,0,1,enjoyment,0,"2024-10-14 08:48:27","2024-10-14 08:48:27",
2003,10,5,5,75,i1053,0,1,usability,0,"2024-10-14 08:48:27","2024-10-14 08:48:27",
2004,38,6,6,37,i1053,0,1,audio_aesthetics,0,"2024-10-14 08:49:04","2024-10-14 08:49:04",
2005,30,5,5,37,i1053,0,1,enjoyment,0,"2024-10-14 08:49:04","2024-10-14 08:49:04",
2006,9,5,5,37,i1053,0,1,usability,0,"2024-10-14 08:49:04","2024-10-14 08:49:04",
2007,39,7,7,37,i1053,0,1,audio_aesthetics,0,"2024-10-14 08:49:04","2024-10-14 08:49:04",
2008,28,2,2,37,i1053,0,1,enjoyment,0,"2024-10-14 08:49:04","2024-10-14 08:49:04",
2009,43,7,7,19,i1053,0,1,personal_gratification,0,"2024-10-14 08:49:23","2024-10-14 08:49:23",
2010,49,7,7,19,i1053,0,1,visual_aesthetics,0,"2024-10-14 08:49:23","2024-10-14 08:49:23",
2011,1,6,6,19,i1053,0,1,usability,0,"2024-10-14 08:49:23","2024-10-14 08:49:23",
2012,35,6,6,19,i1053,0,1,creative_freedom,0,"2024-10-14 08:49:23","2024-10-14 08:49:23",
2013,6,5,5,19,i1053,0,1,usability,0,"2024-10-14 08:49:23","2024-10-14 08:49:23",
2014,41,6,6,34,i1053,0,1,personal_gratification,0,"2024-10-14 08:49:57","2024-10-14 08:49:57",
2015,17,6,6,34,i1053,0,1,narratives,0,"2024-10-14 08:49:57","2024-10-14 08:49:57",
2016,26,6,6,34,i1053,0,1,enjoyment,0,"2024-10-14 08:49:57","2024-10-14 08:49:57",
2017,7,5,5,34,i1053,0,1,usability,0,"2024-10-14 08:49:57","2024-10-14 08:49:57",
2018,48,6,6,34,i1053,0,1,visual_aesthetics,0,"2024-10-14 08:49:57","2024-10-14 08:49:57",
2019,46,6,6,40,i1053,0,1,personal_gratification,0,"2024-10-14 08:50:39","2024-10-14 08:50:39",
2020,2,6,6,40,i1053,0,1,usability,0,"2024-10-14 08:50:39","2024-10-14 08:50:39",
2021,12,5,5,40,i1053,0,1,narratives,0,"2024-10-14 08:50:39","2024-10-14 08:50:39",
2022,36,6,6,40,i1053,0,1,creative_freedom,0,"2024-10-14 08:50:39","2024-10-14 08:50:39",
2023,8,5,5,40,i1053,0,1,usability,0,"2024-10-14 08:50:39","2024-10-14 08:50:39",
2024,29,6,6,22,i1053,0,1,enjoyment,0,"2024-10-14 08:51:02","2024-10-14 08:51:02",
2025,42,6,6,22,i1053,0,1,personal_gratification,0,"2024-10-14 08:51:02","2024-10-14 08:51:02",
2026,16,5,5,22,i1053,0,1,narratives,0,"2024-10-14 08:51:02","2024-10-14 08:51:02",
2027,22,5,5,22,i1053,0,1,play_engrossment,0,"2024-10-14 08:51:02","2024-10-14 08:51:02",
2028,20,5,5,22,i1053,0,1,play_engrossment,0,"2024-10-14 08:51:02","2024-10-14 08:51:02",
2029,15,5,5,19,i1053,0,1,narratives,0,"2024-10-14 08:51:22","2024-10-14 08:51:22",
2030,11,6,6,19,i1053,0,1,usability,0,"2024-10-14 08:51:22","2024-10-14 08:51:22",
2031,3,6,6,19,i1053,0,1,usability,0,"2024-10-14 08:51:22","2024-10-14 08:51:22",
2032,37,7,7,19,i1053,0,1,audio_aesthetics,0,"2024-10-14 08:51:22","2024-10-14 08:51:22",
2033,44,6,6,19,i1053,0,1,personal_gratification,0,"2024-10-14 08:51:22","2024-10-14 08:51:22",
2034,24,6,6,30,i1053,0,1,play_engrossment,0,"2024-10-14 08:51:52","2024-10-14 08:51:52",
2035,23,4,4,30,i1053,0,1,play_engrossment,0,"2024-10-14 08:51:52","2024-10-14 08:51:52",
2036,45,5,5,30,i1053,0,1,personal_gratification,0,"2024-10-14 08:51:52","2024-10-14 08:51:52",
2037,13,5,5,30,i1053,0,1,narratives,0,"2024-10-14 08:51:52","2024-10-14 08:51:52",
2038,34,6,6,30,i1053,0,1,creative_freedom,0,"2024-10-14 08:51:52","2024-10-14 08:51:52",
2039,19,5,5,14,i1053,0,1,play_engrossment,0,"2024-10-14 08:52:07","2024-10-14 08:52:07",
2040,18,6,6,14,i1053,0,1,narratives,0,"2024-10-14 08:52:07","2024-10-14 08:52:07",
2041,40,6,6,14,i1053,0,1,audio_aesthetics,0,"2024-10-14 08:52:07","2024-10-14 08:52:07",
2042,47,7,7,14,i1053,0,1,visual_aesthetics,0,"2024-10-14 08:52:07","2024-10-14 08:52:07",
2043,31,5,5,14,i1053,0,1,creative_freedom,0,"2024-10-14 08:52:07","2024-10-14 08:52:07",
2044,14,6,6,35,i1053,0,1,narratives,0,"2024-10-14 08:52:44","2024-10-14 08:52:44",
2045,32,6,6,35,i1053,0,1,creative_freedom,0,"2024-10-14 08:52:44","2024-10-14 08:52:44",
2046,4,5,5,35,i1053,0,1,usability,0,"2024-10-14 08:52:44","2024-10-14 08:52:44",
2047,25,4,4,35,i1053,0,1,play_engrossment,0,"2024-10-14 08:52:44","2024-10-14 08:52:44",
2048,30,,4,4,i1064,0,1,enjoyment,0,"2024-10-14 11:21:16","2024-10-14 11:21:16",
2049,45,,4,4,i1064,0,1,personal_gratification,0,"2024-10-14 11:21:16","2024-10-14 11:21:16",
2050,15,,4,4,i1064,0,1,narratives,0,"2024-10-14 11:21:16","2024-10-14 11:21:16",
2051,34,,4,4,i1064,0,1,creative_freedom,0,"2024-10-14 11:21:16","2024-10-14 11:21:16",
2052,39,,4,4,i1064,0,1,audio_aesthetics,0,"2024-10-14 11:21:16","2024-10-14 11:21:16",
2053,47,,4,1,i1064,0,1,visual_aesthetics,0,"2024-10-14 11:21:18","2024-10-14 11:21:18",
2054,42,,4,1,i1064,0,1,personal_gratification,0,"2024-10-14 11:21:18","2024-10-14 11:21:18",
2055,35,,4,1,i1064,0,1,creative_freedom,0,"2024-10-14 11:21:18","2024-10-14 11:21:18",
2056,32,,4,1,i1064,0,1,creative_freedom,0,"2024-10-14 11:21:18","2024-10-14 11:21:18",
2057,10,,4,1,i1064,0,1,usability,0,"2024-10-14 11:21:18","2024-10-14 11:21:18",
2058,1,,4,1,i1064,0,1,usability,0,"2024-10-14 11:21:20","2024-10-14 11:21:20",
2059,33,,4,1,i1064,0,1,creative_freedom,0,"2024-10-14 11:21:20","2024-10-14 11:21:20",
2060,36,,4,1,i1064,0,1,creative_freedom,0,"2024-10-14 11:21:20","2024-10-14 11:21:20",
2061,38,,4,1,i1064,0,1,audio_aesthetics,0,"2024-10-14 11:21:20","2024-10-14 11:21:20",
2062,3,,4,1,i1064,0,1,usability,0,"2024-10-14 11:21:20","2024-10-14 11:21:20",
2063,20,,4,1,i1064,0,1,play_engrossment,0,"2024-10-14 11:21:21","2024-10-14 11:21:21",
2064,5,,4,1,i1064,0,1,usability,0,"2024-10-14 11:21:21","2024-10-14 11:21:21",
2065,12,,4,1,i1064,0,1,narratives,0,"2024-10-14 11:21:21","2024-10-14 11:21:21",
2066,11,,4,1,i1064,0,1,usability,0,"2024-10-14 11:21:21","2024-10-14 11:21:21",
2067,21,,4,1,i1064,0,1,play_engrossment,0,"2024-10-14 11:21:21","2024-10-14 11:21:21",
2068,17,,4,1,i1064,0,1,narratives,0,"2024-10-14 11:21:23","2024-10-14 11:21:23",
2069,9,,4,1,i1064,0,1,usability,0,"2024-10-14 11:21:23","2024-10-14 11:21:23",
2070,46,,4,1,i1064,0,1,personal_gratification,0,"2024-10-14 11:21:23","2024-10-14 11:21:23",
2071,24,,4,1,i1064,0,1,play_engrossment,0,"2024-10-14 11:21:23","2024-10-14 11:21:23",
2072,44,,4,1,i1064,0,1,personal_gratification,0,"2024-10-14 11:21:23","2024-10-14 11:21:23",
2073,6,,4,1,i1064,0,1,usability,0,"2024-10-14 11:21:25","2024-10-14 11:21:25",
2074,13,,4,1,i1064,0,1,narratives,0,"2024-10-14 11:21:25","2024-10-14 11:21:25",
2075,37,,4,1,i1064,0,1,audio_aesthetics,0,"2024-10-14 11:21:25","2024-10-14 11:21:25",
2076,40,,4,1,i1064,0,1,audio_aesthetics,0,"2024-10-14 11:21:25","2024-10-14 11:21:25",
2077,19,,4,1,i1064,0,1,play_engrossment,0,"2024-10-14 11:21:25","2024-10-14 11:21:25",
2078,27,,4,1,i1064,0,1,enjoyment,0,"2024-10-14 11:21:26","2024-10-14 11:21:26",
2079,22,,4,1,i1064,0,1,play_engrossment,0,"2024-10-14 11:21:26","2024-10-14 11:21:26",
2080,7,,4,1,i1064,0,1,usability,0,"2024-10-14 11:21:26","2024-10-14 11:21:26",
2081,26,,4,1,i1064,0,1,enjoyment,0,"2024-10-14 11:21:26","2024-10-14 11:21:26",
2082,14,,4,1,i1064,0,1,narratives,0,"2024-10-14 11:21:26","2024-10-14 11:21:26",
2083,25,,4,1,i1064,0,1,play_engrossment,0,"2024-10-14 11:21:28","2024-10-14 11:21:28",
2084,16,,4,1,i1064,0,1,narratives,0,"2024-10-14 11:21:28","2024-10-14 11:21:28",
2085,23,,4,1,i1064,0,1,play_engrossment,0,"2024-10-14 11:21:28","2024-10-14 11:21:28",
2086,28,,4,1,i1064,0,1,enjoyment,0,"2024-10-14 11:21:28","2024-10-14 11:21:28",
2087,4,,4,1,i1064,0,1,usability,0,"2024-10-14 11:21:28","2024-10-14 11:21:28",
2088,2,,4,1,i1064,0,1,usability,0,"2024-10-14 11:21:30","2024-10-14 11:21:30",
2089,41,,4,1,i1064,0,1,personal_gratification,0,"2024-10-14 11:21:30","2024-10-14 11:21:30",
2090,29,,4,1,i1064,0,1,enjoyment,0,"2024-10-14 11:21:30","2024-10-14 11:21:30",
2091,43,,4,1,i1064,0,1,personal_gratification,0,"2024-10-14 11:21:30","2024-10-14 11:21:30",
2092,49,,4,1,i1064,0,1,visual_aesthetics,0,"2024-10-14 11:21:30","2024-10-14 11:21:30",
2093,31,,4,2,i1064,0,1,creative_freedom,0,"2024-10-14 11:21:32","2024-10-14 11:21:32",
2094,18,,4,2,i1064,0,1,narratives,0,"2024-10-14 11:21:32","2024-10-14 11:21:32",
2095,8,,4,2,i1064,0,1,usability,0,"2024-10-14 11:21:32","2024-10-14 11:21:32",
2096,48,,4,2,i1064,0,1,visual_aesthetics,0,"2024-10-14 11:21:32","2024-10-14 11:21:32",
2097,19,,4,4,i1072,0,1,play_engrossment,0,"2024-10-14 11:29:28","2024-10-14 11:29:28",
2098,33,,4,4,i1072,0,1,creative_freedom,0,"2024-10-14 11:29:28","2024-10-14 11:29:28",
2099,17,,4,4,i1072,0,1,narratives,0,"2024-10-14 11:29:28","2024-10-14 11:29:28",
2100,31,,4,4,i1072,0,1,creative_freedom,0,"2024-10-14 11:29:28","2024-10-14 11:29:28",
2101,41,,4,4,i1072,0,1,personal_gratification,0,"2024-10-14 11:29:28","2024-10-14 11:29:28",
2102,40,,4,1,i1072,0,1,audio_aesthetics,0,"2024-10-14 11:29:29","2024-10-14 11:29:29",
2103,37,,4,1,i1072,0,1,audio_aesthetics,0,"2024-10-14 11:29:30","2024-10-14 11:29:30",
2104,36,,4,1,i1072,0,1,creative_freedom,0,"2024-10-14 11:29:30","2024-10-14 11:29:30",
2105,22,,4,1,i1072,0,1,play_engrossment,0,"2024-10-14 11:29:30","2024-10-14 11:29:30",
2106,42,,4,1,i1072,0,1,personal_gratification,0,"2024-10-14 11:29:30","2024-10-14 11:29:30",
2107,14,,4,1,i1072,0,1,narratives,0,"2024-10-14 11:29:31","2024-10-14 11:29:31",
2108,9,,4,1,i1072,0,1,usability,0,"2024-10-14 11:29:31","2024-10-14 11:29:31",
2109,46,,4,1,i1072,0,1,personal_gratification,0,"2024-10-14 11:29:31","2024-10-14 11:29:31",
2110,6,,4,1,i1072,0,1,usability,0,"2024-10-14 11:29:31","2024-10-14 11:29:31",
2111,26,,4,1,i1072,0,1,enjoyment,0,"2024-10-14 11:29:31","2024-10-14 11:29:31",
2112,45,,4,1,i1072,0,1,personal_gratification,0,"2024-10-14 11:29:33","2024-10-14 11:29:33",
2113,39,,4,1,i1072,0,1,audio_aesthetics,0,"2024-10-14 11:29:33","2024-10-14 11:29:33",
2114,15,,4,1,i1072,0,1,narratives,0,"2024-10-14 11:29:33","2024-10-14 11:29:33",
2115,16,,4,1,i1072,0,1,narratives,0,"2024-10-14 11:29:33","2024-10-14 11:29:33",
2116,35,,4,1,i1072,0,1,creative_freedom,0,"2024-10-14 11:29:33","2024-10-14 11:29:33",
2117,32,,4,1,i1072,0,1,creative_freedom,0,"2024-10-14 11:29:34","2024-10-14 11:29:34",
2118,2,,4,1,i1072,0,1,usability,0,"2024-10-14 11:29:34","2024-10-14 11:29:34",
2119,21,,4,1,i1072,0,1,play_engrossment,0,"2024-10-14 11:29:34","2024-10-14 11:29:34",
2120,11,,4,1,i1072,0,1,usability,0,"2024-10-14 11:29:34","2024-10-14 11:29:34",
2121,38,,4,1,i1072,0,1,audio_aesthetics,0,"2024-10-14 11:29:34","2024-10-14 11:29:34",
2122,25,,4,1,i1072,0,1,play_engrossment,0,"2024-10-14 11:29:36","2024-10-14 11:29:36",
2123,10,,4,1,i1072,0,1,usability,0,"2024-10-14 11:29:36","2024-10-14 11:29:36",
2124,29,,4,1,i1072,0,1,enjoyment,0,"2024-10-14 11:29:36","2024-10-14 11:29:36",
2125,34,,4,1,i1072,0,1,creative_freedom,0,"2024-10-14 11:29:36","2024-10-14 11:29:36",
2126,1,,4,1,i1072,0,1,usability,0,"2024-10-14 11:29:36","2024-10-14 11:29:36",
2127,7,,4,1,i1072,0,1,usability,0,"2024-10-14 11:29:37","2024-10-14 11:29:37",
2128,12,,4,1,i1072,0,1,narratives,0,"2024-10-14 11:29:37","2024-10-14 11:29:37",
2129,47,,4,1,i1072,0,1,visual_aesthetics,0,"2024-10-14 11:29:37","2024-10-14 11:29:37",
2130,3,,4,1,i1072,0,1,usability,0,"2024-10-14 11:29:37","2024-10-14 11:29:37",
2131,23,,4,1,i1072,0,1,play_engrossment,0,"2024-10-14 11:29:37","2024-10-14 11:29:37",
2132,5,,4,1,i1072,0,1,usability,0,"2024-10-14 11:29:38","2024-10-14 11:29:38",
2133,28,,4,1,i1072,0,1,enjoyment,0,"2024-10-14 11:29:38","2024-10-14 11:29:38",
2134,30,,4,1,i1072,0,1,enjoyment,0,"2024-10-14 11:29:38","2024-10-14 11:29:38",
2135,8,,4,1,i1072,0,1,usability,0,"2024-10-14 11:29:38","2024-10-14 11:29:38",
2136,48,,4,1,i1072,0,1,visual_aesthetics,0,"2024-10-14 11:29:38","2024-10-14 11:29:38",
2137,20,,4,1,i1072,0,1,play_engrossment,0,"2024-10-14 11:29:40","2024-10-14 11:29:40",
2138,27,,4,1,i1072,0,1,enjoyment,0,"2024-10-14 11:29:40","2024-10-14 11:29:40",
2139,4,,4,1,i1072,0,1,usability,0,"2024-10-14 11:29:40","2024-10-14 11:29:40",
2140,18,,4,1,i1072,0,1,narratives,0,"2024-10-14 11:29:40","2024-10-14 11:29:40",
2141,43,,4,1,i1072,0,1,personal_gratification,0,"2024-10-14 11:29:40","2024-10-14 11:29:40",
2142,44,,4,2,i1072,0,1,personal_gratification,0,"2024-10-14 11:29:42","2024-10-14 11:29:42",
2143,24,,4,2,i1072,0,1,play_engrossment,0,"2024-10-14 11:29:42","2024-10-14 11:29:42",
2144,13,,4,2,i1072,0,1,narratives,0,"2024-10-14 11:29:42","2024-10-14 11:29:42",
2145,49,,4,2,i1072,0,1,visual_aesthetics,0,"2024-10-14 11:29:42","2024-10-14 11:29:42",
2146,11,,4,15,i1075,0,1,usability,0,"2024-10-14 11:39:21","2024-10-14 11:39:21",
2147,31,,4,15,i1075,0,1,creative_freedom,0,"2024-10-14 11:39:21","2024-10-14 11:39:21",
2148,18,,4,15,i1075,0,1,narratives,0,"2024-10-14 11:39:21","2024-10-14 11:39:21",
2149,20,,4,15,i1075,0,1,play_engrossment,0,"2024-10-14 11:39:21","2024-10-14 11:39:21",
2150,47,,4,15,i1075,0,1,visual_aesthetics,0,"2024-10-14 11:39:21","2024-10-14 11:39:21",
2151,44,,4,2,i1075,0,1,personal_gratification,0,"2024-10-14 11:39:24","2024-10-14 11:39:24",
2152,28,,4,2,i1075,0,1,enjoyment,0,"2024-10-14 11:39:24","2024-10-14 11:39:24",
2153,27,,4,2,i1075,0,1,enjoyment,0,"2024-10-14 11:39:24","2024-10-14 11:39:24",
2154,48,,4,2,i1075,0,1,visual_aesthetics,0,"2024-10-14 11:39:24","2024-10-14 11:39:24",
2155,40,7,7,2,i1075,0,1,audio_aesthetics,0,"2024-10-14 11:39:24","2024-10-14 11:39:24",
2156,4,,4,1,i1075,0,1,usability,0,"2024-10-14 11:39:26","2024-10-14 11:39:26",
2157,10,,4,1,i1075,0,1,usability,0,"2024-10-14 11:39:26","2024-10-14 11:39:26",
2158,42,,4,1,i1075,0,1,personal_gratification,0,"2024-10-14 11:39:26","2024-10-14 11:39:26",
2159,22,,4,1,i1075,0,1,play_engrossment,0,"2024-10-14 11:39:26","2024-10-14 11:39:26",
2160,29,,4,1,i1075,0,1,enjoyment,0,"2024-10-14 11:39:26","2024-10-14 11:39:26",
2161,5,,4,2,i1075,0,1,usability,0,"2024-10-14 11:39:28","2024-10-14 11:39:28",
2162,30,,4,2,i1075,0,1,enjoyment,0,"2024-10-14 11:39:28","2024-10-14 11:39:28",
2163,38,,4,2,i1075,0,1,audio_aesthetics,0,"2024-10-14 11:39:28","2024-10-14 11:39:28",
2164,46,,4,2,i1075,0,1,personal_gratification,0,"2024-10-14 11:39:28","2024-10-14 11:39:28",
2165,34,,4,2,i1075,0,1,creative_freedom,0,"2024-10-14 11:39:28","2024-10-14 11:39:28",
2166,37,,4,1,i1075,0,1,audio_aesthetics,0,"2024-10-14 11:39:30","2024-10-14 11:39:30",
2167,7,,4,1,i1075,0,1,usability,0,"2024-10-14 11:39:30","2024-10-14 11:39:30",
2168,43,,4,1,i1075,0,1,personal_gratification,0,"2024-10-14 11:39:30","2024-10-14 11:39:30",
2169,32,,4,1,i1075,0,1,creative_freedom,0,"2024-10-14 11:39:30","2024-10-14 11:39:30",
2170,21,,4,1,i1075,0,1,play_engrossment,0,"2024-10-14 11:39:30","2024-10-14 11:39:30",
2171,17,,4,1,i1075,0,1,narratives,0,"2024-10-14 11:39:31","2024-10-14 11:39:31",
2172,9,,4,1,i1075,0,1,usability,0,"2024-10-14 11:39:31","2024-10-14 11:39:31",
2173,41,,4,1,i1075,0,1,personal_gratification,0,"2024-10-14 11:39:31","2024-10-14 11:39:31",
2174,13,,4,1,i1075,0,1,narratives,0,"2024-10-14 11:39:31","2024-10-14 11:39:31",
2175,2,,4,1,i1075,0,1,usability,0,"2024-10-14 11:39:31","2024-10-14 11:39:31",
2176,6,,4,1,i1075,0,1,usability,0,"2024-10-14 11:39:33","2024-10-14 11:39:33",
2177,16,,4,1,i1075,0,1,narratives,0,"2024-10-14 11:39:33","2024-10-14 11:39:33",
2178,12,,4,1,i1075,0,1,narratives,0,"2024-10-14 11:39:34","2024-10-14 11:39:34",
2179,33,,4,1,i1075,0,1,creative_freedom,0,"2024-10-14 11:39:34","2024-10-14 11:39:34",
2180,23,,4,1,i1075,0,1,play_engrossment,0,"2024-10-14 11:39:34","2024-10-14 11:39:34",
2181,24,,4,1,i1075,0,1,play_engrossment,0,"2024-10-14 11:39:36","2024-10-14 11:39:36",
2182,3,,4,1,i1075,0,1,usability,0,"2024-10-14 11:39:36","2024-10-14 11:39:36",
2183,39,,4,1,i1075,0,1,audio_aesthetics,0,"2024-10-14 11:39:36","2024-10-14 11:39:36",
2184,15,,4,1,i1075,0,1,narratives,0,"2024-10-14 11:39:36","2024-10-14 11:39:36",
2185,8,,4,1,i1075,0,1,usability,0,"2024-10-14 11:39:36","2024-10-14 11:39:36",
2186,49,,4,1,i1075,0,1,visual_aesthetics,0,"2024-10-14 11:39:38","2024-10-14 11:39:38",
2187,26,,4,1,i1075,0,1,enjoyment,0,"2024-10-14 11:39:38","2024-10-14 11:39:38",
2188,19,,4,1,i1075,0,1,play_engrossment,0,"2024-10-14 11:39:38","2024-10-14 11:39:38",
2189,1,,4,1,i1075,0,1,usability,0,"2024-10-14 11:39:38","2024-10-14 11:39:38",
2190,14,,4,1,i1075,0,1,narratives,0,"2024-10-14 11:39:38","2024-10-14 11:39:38",
2191,25,,4,1,i1075,0,1,play_engrossment,0,"2024-10-14 11:39:40","2024-10-14 11:39:40",
2192,36,,4,1,i1075,0,1,creative_freedom,0,"2024-10-14 11:39:40","2024-10-14 11:39:40",
2193,45,,4,1,i1075,0,1,personal_gratification,0,"2024-10-14 11:39:40","2024-10-14 11:39:40",
2194,35,,4,1,i1075,0,1,creative_freedom,0,"2024-10-14 11:39:40","2024-10-14 11:39:40",
2195,33,,4,2,i1089,0,1,creative_freedom,0,"2024-10-17 15:40:34","2024-10-17 15:40:34",
2196,24,,4,2,i1089,0,1,play_engrossment,0,"2024-10-17 15:40:34","2024-10-17 15:40:34",
2197,21,,4,2,i1089,0,1,play_engrossment,0,"2024-10-17 15:40:34","2024-10-17 15:40:34",
2198,46,,4,2,i1089,0,1,personal_gratification,0,"2024-10-17 15:40:34","2024-10-17 15:40:34",
2199,39,,4,2,i1089,0,1,audio_aesthetics,0,"2024-10-17 15:40:34","2024-10-17 15:40:34",
2200,6,,4,1,i1089,0,1,usability,0,"2024-10-17 15:40:35","2024-10-17 15:40:35",
2201,25,,4,1,i1089,0,1,play_engrossment,0,"2024-10-17 15:40:35","2024-10-17 15:40:35",
2202,11,,4,1,i1089,0,1,usability,0,"2024-10-17 15:40:35","2024-10-17 15:40:35",
2203,49,,4,1,i1089,0,1,visual_aesthetics,0,"2024-10-17 15:40:35","2024-10-17 15:40:35",
2204,47,,4,1,i1089,0,1,visual_aesthetics,0,"2024-10-17 15:40:35","2024-10-17 15:40:35",
2205,37,,4,1,i1089,0,1,audio_aesthetics,0,"2024-10-17 15:40:36","2024-10-17 15:40:36",
2206,29,,4,1,i1089,0,1,enjoyment,0,"2024-10-17 15:40:36","2024-10-17 15:40:36",
2207,3,,4,1,i1089,0,1,usability,0,"2024-10-17 15:40:36","2024-10-17 15:40:36",
2208,1,,4,1,i1089,0,1,usability,0,"2024-10-17 15:40:36","2024-10-17 15:40:36",
2209,42,,4,1,i1089,0,1,personal_gratification,0,"2024-10-17 15:40:36","2024-10-17 15:40:36",
2210,48,,4,0,i1089,0,1,visual_aesthetics,0,"2024-10-17 15:40:38","2024-10-17 15:40:38",
2211,35,,4,0,i1089,0,1,creative_freedom,0,"2024-10-17 15:40:38","2024-10-17 15:40:38",
2212,20,,4,0,i1089,0,1,play_engrossment,0,"2024-10-17 15:40:38","2024-10-17 15:40:38",
2213,32,,4,0,i1089,0,1,creative_freedom,0,"2024-10-17 15:40:38","2024-10-17 15:40:38",
2214,2,,4,0,i1089,0,1,usability,0,"2024-10-17 15:40:38","2024-10-17 15:40:38",
2215,15,,4,1,i1089,0,1,narratives,0,"2024-10-17 15:40:39","2024-10-17 15:40:39",
2216,7,,4,1,i1089,0,1,usability,0,"2024-10-17 15:40:39","2024-10-17 15:40:39",
2217,44,,4,1,i1089,0,1,personal_gratification,0,"2024-10-17 15:40:39","2024-10-17 15:40:39",
2218,28,,4,1,i1089,0,1,enjoyment,0,"2024-10-17 15:40:39","2024-10-17 15:40:39",
2219,45,,4,1,i1089,0,1,personal_gratification,0,"2024-10-17 15:40:39","2024-10-17 15:40:39",
2220,9,,4,1,i1089,0,1,usability,0,"2024-10-17 15:40:41","2024-10-17 15:40:41",
2221,34,,4,1,i1089,0,1,creative_freedom,0,"2024-10-17 15:40:41","2024-10-17 15:40:41",
2222,14,,4,1,i1089,0,1,narratives,0,"2024-10-17 15:40:41","2024-10-17 15:40:41",
2223,22,,4,1,i1089,0,1,play_engrossment,0,"2024-10-17 15:40:41","2024-10-17 15:40:41",
2224,4,,4,1,i1089,0,1,usability,0,"2024-10-17 15:40:41","2024-10-17 15:40:41",
2225,18,,4,1,i1089,0,1,narratives,0,"2024-10-17 15:40:43","2024-10-17 15:40:43",
2226,26,,4,1,i1089,0,1,enjoyment,0,"2024-10-17 15:40:43","2024-10-17 15:40:43",
2227,5,,4,1,i1089,0,1,usability,0,"2024-10-17 15:40:43","2024-10-17 15:40:43",
2228,38,,4,1,i1089,0,1,audio_aesthetics,0,"2024-10-17 15:40:43","2024-10-17 15:40:43",
2229,40,,4,1,i1089,0,1,audio_aesthetics,0,"2024-10-17 15:40:43","2024-10-17 15:40:43",
2230,12,,4,1,i1089,0,1,narratives,0,"2024-10-17 15:40:44","2024-10-17 15:40:44",
2231,8,,4,1,i1089,0,1,usability,0,"2024-10-17 15:40:44","2024-10-17 15:40:44",
2232,30,,4,1,i1089,0,1,enjoyment,0,"2024-10-17 15:40:44","2024-10-17 15:40:44",
2233,10,,4,1,i1089,0,1,usability,0,"2024-10-17 15:40:44","2024-10-17 15:40:44",
2234,13,,4,1,i1089,0,1,narratives,0,"2024-10-17 15:40:44","2024-10-17 15:40:44",
2235,41,,4,2,i1089,0,1,personal_gratification,0,"2024-10-17 15:40:46","2024-10-17 15:40:46",
2236,27,,4,2,i1089,0,1,enjoyment,0,"2024-10-17 15:40:46","2024-10-17 15:40:46",
2237,23,,4,2,i1089,0,1,play_engrossment,0,"2024-10-17 15:40:46","2024-10-17 15:40:46",
2238,17,,4,2,i1089,0,1,narratives,0,"2024-10-17 15:40:46","2024-10-17 15:40:46",
2239,43,,4,2,i1089,0,1,personal_gratification,0,"2024-10-17 15:40:46","2024-10-17 15:40:46",
2240,16,,4,1,i1089,0,1,narratives,0,"2024-10-17 15:40:48","2024-10-17 15:40:48",
2241,36,,4,1,i1089,0,1,creative_freedom,0,"2024-10-17 15:40:48","2024-10-17 15:40:48",
2242,19,,4,1,i1089,0,1,play_engrossment,0,"2024-10-17 15:40:48","2024-10-17 15:40:48",
2243,31,,4,1,i1089,0,1,creative_freedom,0,"2024-10-17 15:40:48","2024-10-17 15:40:48",
2244,4,5,5,34,i1094,0,1,usability,0,"2024-10-18 20:48:22","2024-10-18 20:48:22",
2245,11,6,6,34,i1094,0,1,usability,0,"2024-10-18 20:48:22","2024-10-18 20:48:22",
2246,43,6,6,34,i1094,0,1,personal_gratification,0,"2024-10-18 20:48:22","2024-10-18 20:48:22",
2247,10,5,5,34,i1094,0,1,usability,0,"2024-10-18 20:48:22","2024-10-18 20:48:22",
2248,19,5,5,34,i1094,0,1,play_engrossment,0,"2024-10-18 20:48:22","2024-10-18 20:48:22",
2249,39,6,6,19,i1094,0,1,audio_aesthetics,0,"2024-10-18 20:48:41","2024-10-18 20:48:41",
2250,18,6,6,19,i1094,0,1,narratives,0,"2024-10-18 20:48:41","2024-10-18 20:48:41",
2251,3,6,6,19,i1094,0,1,usability,0,"2024-10-18 20:48:41","2024-10-18 20:48:41",
2252,24,6,6,19,i1094,0,1,play_engrossment,0,"2024-10-18 20:48:41","2024-10-18 20:48:41",
2253,36,6,6,19,i1094,0,1,creative_freedom,0,"2024-10-18 20:48:41","2024-10-18 20:48:41",
2254,42,6,6,20,i1094,0,1,personal_gratification,0,"2024-10-18 20:49:02","2024-10-18 20:49:02",
2255,40,6,6,20,i1094,0,1,audio_aesthetics,0,"2024-10-18 20:49:02","2024-10-18 20:49:02",
2256,8,6,6,20,i1094,0,1,usability,0,"2024-10-18 20:49:02","2024-10-18 20:49:02",
2257,29,6,6,20,i1094,0,1,enjoyment,0,"2024-10-18 20:49:02","2024-10-18 20:49:02",
2258,22,5,5,20,i1094,0,1,play_engrossment,0,"2024-10-18 20:49:02","2024-10-18 20:49:02",
2259,21,4,4,33,i1094,0,1,play_engrossment,0,"2024-10-18 20:49:35","2024-10-18 20:49:35",
2260,17,6,6,33,i1094,0,1,narratives,0,"2024-10-18 20:49:35","2024-10-18 20:49:35",
2261,37,7,7,33,i1094,0,1,audio_aesthetics,0,"2024-10-18 20:49:35","2024-10-18 20:49:35",
2262,46,6,6,33,i1094,0,1,personal_gratification,0,"2024-10-18 20:49:35","2024-10-18 20:49:35",
2263,28,2,2,33,i1094,0,1,enjoyment,0,"2024-10-18 20:49:35","2024-10-18 20:49:35",
2264,1,5,5,26,i1094,0,1,usability,0,"2024-10-18 20:50:02","2024-10-18 20:50:02",
2265,2,5,5,26,i1094,0,1,usability,0,"2024-10-18 20:50:02","2024-10-18 20:50:02",
2266,25,5,5,26,i1094,0,1,play_engrossment,0,"2024-10-18 20:50:02","2024-10-18 20:50:02",
2267,16,4,4,26,i1094,0,1,narratives,0,"2024-10-18 20:50:02","2024-10-18 20:50:02",
2268,20,5,5,26,i1094,0,1,play_engrossment,0,"2024-10-18 20:50:02","2024-10-18 20:50:02",
2269,26,6,6,16,i1094,0,1,enjoyment,0,"2024-10-18 20:50:18","2024-10-18 20:50:18",
2270,14,6,6,16,i1094,0,1,narratives,0,"2024-10-18 20:50:18","2024-10-18 20:50:18",
2271,49,7,7,16,i1094,0,1,visual_aesthetics,0,"2024-10-18 20:50:18","2024-10-18 20:50:18",
2272,33,5,5,16,i1094,0,1,creative_freedom,0,"2024-10-18 20:50:18","2024-10-18 20:50:18",
2273,44,6,6,16,i1094,0,1,personal_gratification,0,"2024-10-18 20:50:18","2024-10-18 20:50:18",
2274,30,6,6,22,i1094,0,1,enjoyment,0,"2024-10-18 20:50:42","2024-10-18 20:50:42",
2275,47,7,7,22,i1094,0,1,visual_aesthetics,0,"2024-10-18 20:50:42","2024-10-18 20:50:42",
2276,6,5,5,22,i1094,0,1,usability,0,"2024-10-18 20:50:42","2024-10-18 20:50:42",
2277,15,6,6,22,i1094,0,1,narratives,0,"2024-10-18 20:50:42","2024-10-18 20:50:42",
2278,45,6,6,22,i1094,0,1,personal_gratification,0,"2024-10-18 20:50:42","2024-10-18 20:50:42",
2279,31,5,5,34,i1094,0,1,creative_freedom,0,"2024-10-18 20:51:16","2024-10-18 20:51:16",
2280,27,6,6,34,i1094,0,1,enjoyment,0,"2024-10-18 20:51:16","2024-10-18 20:51:16",
2281,48,6,6,34,i1094,0,1,visual_aesthetics,0,"2024-10-18 20:51:16","2024-10-18 20:51:16",
2282,23,4,4,34,i1094,0,1,play_engrossment,0,"2024-10-18 20:51:16","2024-10-18 20:51:16",
2283,41,,4,34,i1094,0,1,personal_gratification,0,"2024-10-18 20:51:16","2024-10-18 20:51:16",
2284,5,6,6,23,i1094,0,1,usability,0,"2024-10-18 20:51:40","2024-10-18 20:51:40",
2285,34,6,6,23,i1094,0,1,creative_freedom,0,"2024-10-18 20:51:40","2024-10-18 20:51:40",
2286,13,5,5,23,i1094,0,1,narratives,0,"2024-10-18 20:51:40","2024-10-18 20:51:40",
2287,9,6,6,23,i1094,0,1,usability,0,"2024-10-18 20:51:40","2024-10-18 20:51:40",
2288,7,5,5,23,i1094,0,1,usability,0,"2024-10-18 20:51:40","2024-10-18 20:51:40",
2289,35,6,6,22,i1094,0,1,creative_freedom,0,"2024-10-18 20:52:03","2024-10-18 20:52:03",
2290,32,6,6,22,i1094,0,1,creative_freedom,0,"2024-10-18 20:52:03","2024-10-18 20:52:03",
2291,12,6,6,22,i1094,0,1,narratives,0,"2024-10-18 20:52:03","2024-10-18 20:52:03",
2292,38,6,6,22,i1094,0,1,audio_aesthetics,0,"2024-10-18 20:52:03","2024-10-18 20:52:03",
2293,33,1,1,28,i1095,0,1,creative_freedom,0,"2024-10-19 08:58:36","2024-10-19 08:58:36",
2294,40,5,5,28,i1095,0,1,audio_aesthetics,0,"2024-10-19 08:58:36","2024-10-19 08:58:36",
2295,41,1,1,28,i1095,0,1,personal_gratification,0,"2024-10-19 08:58:36","2024-10-19 08:58:36",
2296,18,6,6,28,i1095,0,1,narratives,0,"2024-10-19 08:58:36","2024-10-19 08:58:36",
2297,30,2,2,28,i1095,0,1,enjoyment,0,"2024-10-19 08:58:36","2024-10-19 08:58:36",
2298,49,2,2,18,i1095,0,1,visual_aesthetics,0,"2024-10-19 08:58:55","2024-10-19 08:58:55",
2299,19,2,2,18,i1095,0,1,play_engrossment,0,"2024-10-19 08:58:55","2024-10-19 08:58:55",
2300,14,5,5,18,i1095,0,1,narratives,0,"2024-10-19 08:58:55","2024-10-19 08:58:55",
2301,13,2,2,18,i1095,0,1,narratives,0,"2024-10-19 08:58:55","2024-10-19 08:58:55",
2302,36,6,6,18,i1095,0,1,creative_freedom,0,"2024-10-19 08:58:55","2024-10-19 08:58:55",
2303,39,4,4,31,i1095,0,1,audio_aesthetics,0,"2024-10-19 08:59:26","2024-10-19 08:59:26",
2304,15,2,2,31,i1095,0,1,narratives,0,"2024-10-19 08:59:26","2024-10-19 08:59:26",
2305,28,6,6,31,i1095,0,1,enjoyment,0,"2024-10-19 08:59:26","2024-10-19 08:59:26",
2306,26,5,5,31,i1095,0,1,enjoyment,0,"2024-10-19 08:59:26","2024-10-19 08:59:26",
2307,35,3,3,31,i1095,0,1,creative_freedom,0,"2024-10-19 08:59:26","2024-10-19 08:59:26",
2308,11,6,6,20,i1095,0,1,usability,0,"2024-10-19 08:59:47","2024-10-19 08:59:47",
2309,44,2,2,20,i1095,0,1,personal_gratification,0,"2024-10-19 08:59:47","2024-10-19 08:59:47",
2310,2,2,2,20,i1095,0,1,usability,0,"2024-10-19 08:59:47","2024-10-19 08:59:47",
2311,31,2,2,20,i1095,0,1,creative_freedom,0,"2024-10-19 08:59:47","2024-10-19 08:59:47",
2312,45,2,2,20,i1095,0,1,personal_gratification,0,"2024-10-19 08:59:47","2024-10-19 08:59:47",
2313,38,4,4,19,i1095,0,1,audio_aesthetics,0,"2024-10-19 09:00:06","2024-10-19 09:00:06",
2314,10,5,5,19,i1095,0,1,usability,0,"2024-10-19 09:00:06","2024-10-19 09:00:06",
2315,34,3,3,19,i1095,0,1,creative_freedom,0,"2024-10-19 09:00:06","2024-10-19 09:00:06",
2316,17,5,5,19,i1095,0,1,narratives,0,"2024-10-19 09:00:07","2024-10-19 09:00:07",
2317,27,3,3,19,i1095,0,1,enjoyment,0,"2024-10-19 09:00:07","2024-10-19 09:00:07",
2318,29,2,2,20,i1095,0,1,enjoyment,0,"2024-10-19 09:00:28","2024-10-19 09:00:28",
2319,3,4,4,20,i1095,0,1,usability,0,"2024-10-19 09:00:28","2024-10-19 09:00:28",
2320,20,2,2,20,i1095,0,1,play_engrossment,0,"2024-10-19 09:00:28","2024-10-19 09:00:28",
2321,1,5,5,20,i1095,0,1,usability,0,"2024-10-19 09:00:28","2024-10-19 09:00:28",
2322,22,2,2,20,i1095,0,1,play_engrossment,0,"2024-10-19 09:00:28","2024-10-19 09:00:28",
2323,32,2,2,24,i1095,0,1,creative_freedom,0,"2024-10-19 09:00:52","2024-10-19 09:00:52",
2324,42,5,5,24,i1095,0,1,personal_gratification,0,"2024-10-19 09:00:52","2024-10-19 09:00:52",
2325,9,6,6,24,i1095,0,1,usability,0,"2024-10-19 09:00:52","2024-10-19 09:00:52",
2326,46,5,5,24,i1095,0,1,personal_gratification,0,"2024-10-19 09:00:52","2024-10-19 09:00:52",
2327,23,1,1,24,i1095,0,1,play_engrossment,0,"2024-10-19 09:00:52","2024-10-19 09:00:52",
2328,16,2,2,19,i1095,0,1,narratives,0,"2024-10-19 09:01:11","2024-10-19 09:01:11",
2329,5,5,5,19,i1095,0,1,usability,0,"2024-10-19 09:01:11","2024-10-19 09:01:11",
2330,4,2,2,19,i1095,0,1,usability,0,"2024-10-19 09:01:11","2024-10-19 09:01:11",
2331,47,2,2,19,i1095,0,1,visual_aesthetics,0,"2024-10-19 09:01:11","2024-10-19 09:01:11",
2332,25,1,1,19,i1095,0,1,play_engrossment,0,"2024-10-19 09:01:11","2024-10-19 09:01:11",
2333,43,6,6,27,i1095,0,1,personal_gratification,0,"2024-10-19 09:01:39","2024-10-19 09:01:39",
2334,21,1,1,27,i1095,0,1,play_engrossment,0,"2024-10-19 09:01:39","2024-10-19 09:01:39",
2335,8,2,2,27,i1095,0,1,usability,0,"2024-10-19 09:01:39","2024-10-19 09:01:39",
2336,24,5,5,27,i1095,0,1,play_engrossment,0,"2024-10-19 09:01:39","2024-10-19 09:01:39",
2337,7,3,3,27,i1095,0,1,usability,0,"2024-10-19 09:01:39","2024-10-19 09:01:39",
2338,37,4,4,13,i1095,0,1,audio_aesthetics,0,"2024-10-19 09:01:52","2024-10-19 09:01:52",
2339,6,2,2,13,i1095,0,1,usability,0,"2024-10-19 09:01:52","2024-10-19 09:01:52",
2340,12,2,2,13,i1095,0,1,narratives,0,"2024-10-19 09:01:52","2024-10-19 09:01:52",
2341,48,2,2,13,i1095,0,1,visual_aesthetics,0,"2024-10-19 09:01:52","2024-10-19 09:01:52",
2342,47,,4,3,i1098,0,1,visual_aesthetics,0,"2024-10-19 14:13:05","2024-10-19 14:13:05",
2343,30,,4,3,i1098,0,1,enjoyment,0,"2024-10-19 14:13:05","2024-10-19 14:13:05",
2344,20,,4,3,i1098,0,1,play_engrossment,0,"2024-10-19 14:13:05","2024-10-19 14:13:05",
2345,49,,4,3,i1098,0,1,visual_aesthetics,0,"2024-10-19 14:13:05","2024-10-19 14:13:05",
2346,44,,4,3,i1098,0,1,personal_gratification,0,"2024-10-19 14:13:05","2024-10-19 14:13:05",
2347,36,,4,2,i1098,0,1,creative_freedom,0,"2024-10-19 14:13:08","2024-10-19 14:13:08",
2348,27,,4,2,i1098,0,1,enjoyment,0,"2024-10-19 14:13:08","2024-10-19 14:13:08",
2349,9,,4,2,i1098,0,1,usability,0,"2024-10-19 14:13:08","2024-10-19 14:13:08",
2350,5,,4,2,i1098,0,1,usability,0,"2024-10-19 14:13:08","2024-10-19 14:13:08",
2351,23,,4,2,i1098,0,1,play_engrossment,0,"2024-10-19 14:13:08","2024-10-19 14:13:08",
2352,13,,4,2,i1098,0,1,narratives,0,"2024-10-19 14:13:10","2024-10-19 14:13:10",
2353,17,,4,2,i1098,0,1,narratives,0,"2024-10-19 14:13:10","2024-10-19 14:13:10",
2354,16,,4,2,i1098,0,1,narratives,0,"2024-10-19 14:13:10","2024-10-19 14:13:10",
2355,3,,4,2,i1098,0,1,usability,0,"2024-10-19 14:13:10","2024-10-19 14:13:10",
2356,39,,4,2,i1098,0,1,audio_aesthetics,0,"2024-10-19 14:13:10","2024-10-19 14:13:10",
2357,24,,4,2,i1098,0,1,play_engrossment,0,"2024-10-19 14:13:13","2024-10-19 14:13:13",
2358,15,,4,2,i1098,0,1,narratives,0,"2024-10-19 14:13:13","2024-10-19 14:13:13",
2359,37,,4,2,i1098,0,1,audio_aesthetics,0,"2024-10-19 14:13:13","2024-10-19 14:13:13",
2360,28,,4,2,i1098,0,1,enjoyment,0,"2024-10-19 14:13:13","2024-10-19 14:13:13",
2361,14,,4,2,i1098,0,1,narratives,0,"2024-10-19 14:13:13","2024-10-19 14:13:13",
2362,31,,4,3,i1098,0,1,creative_freedom,0,"2024-10-19 14:13:16","2024-10-19 14:13:16",
2363,34,,4,3,i1098,0,1,creative_freedom,0,"2024-10-19 14:13:16","2024-10-19 14:13:16",
2364,11,,4,3,i1098,0,1,usability,0,"2024-10-19 14:13:16","2024-10-19 14:13:16",
2365,33,,4,3,i1098,0,1,creative_freedom,0,"2024-10-19 14:13:16","2024-10-19 14:13:16",
2366,40,,4,3,i1098,0,1,audio_aesthetics,0,"2024-10-19 14:13:17","2024-10-19 14:13:17",
2367,21,,4,3,i1098,0,1,play_engrossment,0,"2024-10-19 14:13:20","2024-10-19 14:13:20",
2368,6,,4,3,i1098,0,1,usability,0,"2024-10-19 14:13:21","2024-10-19 14:13:21",
2369,38,,4,3,i1098,0,1,audio_aesthetics,0,"2024-10-19 14:13:21","2024-10-19 14:13:21",
2370,45,,4,3,i1098,0,1,personal_gratification,0,"2024-10-19 14:13:21","2024-10-19 14:13:21",
2371,19,,4,3,i1098,0,1,play_engrossment,0,"2024-10-19 14:13:21","2024-10-19 14:13:21",
2372,18,,4,3,i1098,0,1,narratives,0,"2024-10-19 14:13:24","2024-10-19 14:13:24",
2373,41,,4,3,i1098,0,1,personal_gratification,0,"2024-10-19 14:13:24","2024-10-19 14:13:24",
2374,12,,4,3,i1098,0,1,narratives,0,"2024-10-19 14:13:24","2024-10-19 14:13:24",
2375,43,,4,3,i1098,0,1,personal_gratification,0,"2024-10-19 14:13:24","2024-10-19 14:13:24",
2376,22,,4,3,i1098,0,1,play_engrossment,0,"2024-10-19 14:13:24","2024-10-19 14:13:24",
2377,8,,4,3,i1098,0,1,usability,0,"2024-10-19 14:13:28","2024-10-19 14:13:28",
2378,42,,4,3,i1098,0,1,personal_gratification,0,"2024-10-19 14:13:28","2024-10-19 14:13:28",
2379,7,,4,3,i1098,0,1,usability,0,"2024-10-19 14:13:28","2024-10-19 14:13:28",
2380,10,,4,3,i1098,0,1,usability,0,"2024-10-19 14:13:28","2024-10-19 14:13:28",
2381,25,,4,3,i1098,0,1,play_engrossment,0,"2024-10-19 14:13:28","2024-10-19 14:13:28",
2382,26,,4,3,i1098,0,1,enjoyment,0,"2024-10-19 14:13:31","2024-10-19 14:13:31",
2383,1,,4,3,i1098,0,1,usability,0,"2024-10-19 14:13:31","2024-10-19 14:13:31",
2384,2,,4,3,i1098,0,1,usability,0,"2024-10-19 14:13:31","2024-10-19 14:13:31",
2385,35,,4,3,i1098,0,1,creative_freedom,0,"2024-10-19 14:13:31","2024-10-19 14:13:31",
